Unnamed: 0,sn_id
0,SN2024abfl
1,SN2024hpj
2,SN2025coe
3,SN2024ggi
4,SN2024abfl
5,SN2022dca
6,SN2022pgf
7,SN2025rbs
8,SN2025pht
9,SN2023ixf
10,SN2024ggi
11,SN2022pgf
12,SN2025rbs
13,SN2024hpj
14,SN2025coe
15,SN2023ixf
16,ZTF23ablrwcj
17,ZTF22aaipocw
18,ZTF22abnwpmq
19,ZTF22aaazeza
20,ZTF23absbqun
21,ZTF23abkhajf
22,ZTF22abfrbzi
23,ZTF22abkkhao
24,ZTF23aaojwkb
25,ZTF23aaavxzf
26,ZTF22aafmecq
27,ZTF23aadwlhl
28,ZTF24abcpmak
29,ZTF25aacdilx
30,ZTF25abqowyp
31,ZTF24aahdfsy
32,ZTF22aaavmst
33,ZTF24aapcdqi
34,ZTF24acacfgw
35,ZTF24abcyfru
36,ZTF25abshatc
37,ZTF22abfwbgr
38,ZTF24abuonfe
39,ZTF23aahfzhm
40,ZTF24abiywgj
41,ZTF24aahgqwk
42,ZTF22aboadiz
43,ZTF23aawyvgl
44,ZTF22abteetl
45,ZTF25aauvser
46,ZTF25acejaxg
47,ZTF24abhidcc
48,ZTF23aajntlc
49,ZTF23aabkubg
50,ZTF22abhcrfy
51,ZTF25abiwlvv
52,ZTF24abyystl
53,ZTF23abhxwud
54,ZTF22aauubkl
55,ZTF25abiwnxb
56,ZTF23abjzkmx
57,ZTF23abpydvb
58,ZTF24aayimjt
59,ZTF22abynjkd
60,ZTF25aaddjzf
61,ZTF22aakfmcf
62,ZTF23abrzabc
63,ZTF24aatajja
64,ZTF24abbcmal
65,ZTF24aakdmwg
66,ZTF22abbbwtl
67,ZTF24aaxzkuk
68,ZTF22abyrovo
69,ZTF24abzwpkx
70,ZTF24abgeeit
71,ZTF22aagbzoh
72,ZTF23abciuka
73,ZTF25ablhwiw
74,ZTF22aaehwkv
75,ZTF24absvdpn
76,ZTF22abdlohy
77,ZTF22abnmpty
78,ZTF25abxjgzg
79,ZTF24abzgggz
80,ZTF23abrygca
81,ZTF23abavxmm
82,ZTF22aajeyek
83,ZTF22aaaikzg
84,ZTF22abmcfrc
85,ZTF22aaabnwa
86,ZTF23aavmarm
87,ZTF24aabwyhp
88,ZTF22aaaeljy
89,ZTF24aahihcd
90,ZTF25abxcfzb
91,ZTF23aaabeyy
92,ZTF22aaahbyx
93,ZTF22aaafeiu
94,ZTF26aabbwvq
95,ZTF22aawdqfp
96,ZTF23aaeyukj
97,ZTF25abeepjx
98,ZTF24aavydau
99,ZTF25acayrnp
100,ZTF24abuqpbe
101,ZTF23aaedrcn
102,ZTF22abppdqh
103,ZTF22abhrjld
104,ZTF24aahgncc
105,ZTF22abjprkd
106,ZTF22aabzqnf
107,ZTF24aaejrli
108,ZTF25aaaprdb
109,ZTF25acddazz
110,ZTF23aaazffe
111,ZTF22abfuwum
112,ZTF23aaexcmm
113,ZTF22aaxlxq
114,ZTF25abkybkk
115,ZTF22abputid
116,ZTF24aaosrdt
117,ZTF23abmjitq
118,ZTF24aankvcy
119,ZTF25aaggnvd
120,ZTF23aadtqlt
121,ZTF24abepnpq
122,ZTF22aaimgvi
123,ZTF22aaagxnb
124,ZTF22aaolhhl
125,ZTF22aayrixx
126,ZTF25abqnjhz
127,ZTF23abmuyqd
128,ZTF22abgbbal
129,ZTF22abegjkl
130,ZTF22aaohilj
131,ZTF22aafumyr
132,ZTF22aaokebo
133,ZTF25abacnxx
134,ZTF22abhcqrr
135,ZTF22abynxyi
136,ZTF24abtzsno
137,ZTF23aamqonh
138,ZTF23aajfqeg
139,ZTF22aaluyte
140,ZTF23aamaeks
141,ZTF22aaaovio
142,ZTF23aaurman
143,ZTF22aaafncm
144,ZTF22abfxmvf
145,ZTF25acekwpd
146,ZTF23abkkajk
147,ZTF24aahdpki
148,ZTF25abxxkod
149,ZTF22aaexkgm
150,ZTF22aayprcr
151,ZTF23aaaypty
152,ZTF26aaacdvu
153,ZTF24abkauuv
154,ZTF25acernpi
155,ZTF22aafwkwi
156,ZTF23aaxbxlw
157,ZTF24aabzrbz
158,ZTF24abqqijk
159,ZTF22aajvkrd
160,ZTF19abgvjcu
161,ZTF22abtybkh
162,ZTF26aabuuiu
163,ZTF22aavdjfo
164,ZTF23aaylkdm
165,ZTF22aaiisww
166,ZTF24abzvohz
167,ZTF23aapxvut
168,ZTF22aajhtpy
169,ZTF22aadionf
170,ZTF24aawrofs
171,ZTF22aatbgqf
172,ZTF25abkeyrv
173,ZTF23aafgazi
174,ZTF22aakmhas
175,ZTF22aayrxbb
176,ZTF24aahctgm
177,ZTF25abkkimr
178,ZTF23aavugjj
179,ZTF24aagiouv
180,ZTF24aahsyhe
181,ZTF23aaanxbm
182,ZTF22aadesog
183,ZTF25abakvtg
184,ZTF24abtcetf
185,ZTF22abdxbyh
186,ZTF24ablngsa
187,ZTF23aaapoom
188,ZTF22aajvhrj
189,ZTF26aaavhvm
190,ZTF22aaafnnr
191,ZTF22abbdxho
192,ZTF23
193,ZTF25acdreoj
194,ZTF25abxjtkv
195,ZTF22abwmnow
196,ZTF23aaqowuw
197,ZTF23abgyyvj
198,ZTF22abbmezq
199,ZTF22aabzsqo
200,ZTF25aceopyo
201,ZTF24abvuqds
202,ZTF23aahxdhe
203,ZTF25acfswkq
204,ZTF24abibcib
205,ZTF25abajpgd
206,ZTF22aajhdnf
207,ZTF22aaudjgc
208,ZTF23aazvjqv
209,ZTF23aamtyjs
210,ZTF25abioriw
211,ZTF24aapjysc
212,ZTF22aahebcu
213,ZTF24abyaowk
214,ZTF25aaittpf
215,ZTF25aaiouoy
216,ZTF24abuuacy
217,ZTF23aaoxywk
218,ZTF23aapnixu
219,ZTF25abnqzug
220,ZTF22abnfsjo
221,ZTF25acffkdr
222,ZTF24aawhnvr
223,ZTF23aabplmy
224,ZTF24aamtwya
225,ZTF22aahljax
226,ZTF22abyjtmn
227,ZTF23aakmsiy
228,ZTF23aahngej
229,ZTF24aahesvl
230,ZTF26aabjpnx
231,ZTF22aaevwec
232,ZTF22aaphemj
233,ZTF25aailwca
234,ZTF23aaejvsg
235,ZTF23abnkxgm
236,ZTF23abnmdqn
237,ZTF23aagaili
238,ZTF24aaqdgat
239,ZTF23aabtfho
240,ZTF22aantrtp
241,ZTF23abcegjv
242,ZTF24aakdffc
243,ZTF23abiqtvw
244,ZTF24abribze
245,ZTF25abvbczt
246,ZTF25abgkgkl
247,ZTF24abzpbxr
248,ZTF23aamhlcu
249,ZTF23abcnhzq
250,ZTF24abszjmr
251,ZTF24abrmdti
252,ZTF22aaucozn
253,ZTF24abltcrf
254,ZTF24aahtdhb
255,ZTF23aaqovov
256,ZTF23aamqycj
257,ZTF22abkisoc
258,ZTF22abprvjx
259,ZTF22abgteub
260,ZTF25aaaeykb
261,ZTF24aatfxrw
262,ZTF25abxgpda
263,ZTF24abysvxz
264,ZTF23abetodb
265,ZTF22aaaltnx
266,ZTF22aabwxnp
267,ZTF22absdhpe
268,ZTF24aazloim
269,ZTF24aammkvn
270,ZTF26aaahzlv
271,ZTF23aavneat
272,ZTF23aaehsgs
273,ZTF22aahmgmv
274,ZTF23aaenctz
275,ZTF22aanzrlh
276,ZTF26aabhzjn
277,ZTF24abacgse
278,ZTF23abokhwf
279,ZTF24aauunwk
280,ZTF22aahibvx
281,ZTF25aaczsit
282,ZTF22aadizif
283,ZTF24aalndou
284,ZTF22abqpkhm
285,ZTF25acemscy
286,ZTF26aaacvvm
287,ZTF24abnpugu
288,ZTF22aaklhfg
289,ZTF25aafjpdg
290,ZTF25aafvqth
291,ZTF23aanuvih
292,ZTF22aaaiyip
293,ZTF23aappdyu
294,ZTF25aaoxrmn
295,ZTF24aavzkuf
296,ZTF23aadrudf
297,ZTF22abidhof
298,ZTF23abbanlv
299,ZTF24aakocjx
300,ZTF22aahhbyu
301,ZTF26aaapfgh
302,ZTF23abizggp
303,ZTF24aaosvzx
304,ZTF22abmxsoc
305,ZTF24aahsmkt
306,ZTF22aaagxsz
307,ZTF22aaahfyi
308,ZTF24abcubkx
309,ZTF25aafrgdv
310,ZTF23aabntjw
311,ZTF25aceidkg
312,ZTF22abmtwml
313,ZTF24aaopnuy
314,ZTF22abmcems
315,ZTF24aaioqpt
316,ZTF22aatnyuo
317,ZTF24absoxlw
318,ZTF23abpzgtj
319,ZTF23aandrpy
320,ZTF24absznsg
321,ZTF22aamgkdw
322,ZTF24abpvoah
323,ZTF23abiwmew
324,ZTF22aatrrjy
325,ZTF22abgyfnv
326,ZTF24abjixuq
327,ZTF24absuydh
328,ZTF23aaqcaeo
329,ZTF25acelley
330,ZTF24aamtsgz
331,ZTF23aagkutf
332,ZTF22abykahf
333,ZTF23abgnfdv
334,ZTF25acinfdh
335,ZTF24aaqclnm
336,ZTF23aadruma
337,ZTF22aayxdkd
338,ZTF23aaeauii
339,ZTF22aarwtjh
340,ZTF23aaaizts
341,ZTF23aaeqonb
342,ZTF24abutkox
343,ZTF25acengvh
344,ZTF23abbimnx
345,ZTF24aajpxbu
346,ZTF22aaybwtp
347,ZTF22aaoemmz
348,ZTF24aaiiwby
349,ZTF23aabsice
350,ZTF25aaabiwb
351,ZTF22abhsrll
352,ZTF25abbvstu
353,ZTF25abmlhkf
354,ZTF25abwafjb
355,ZTF24abyatmu
356,ZTF22abkwdhr
357,ZTF22abyiell
358,ZTF22abyjfgt
359,ZTF24aaueuzb
360,ZTF22aaejjtb
361,ZTF25ablidqu
362,ZTF26aaacwjf
363,ZTF22aalwbqe
364,ZTF22abtciik
365,ZTF24aamjnph
366,ZTF24abotauw
367,ZTF22abbiqoi
368,ZTF24aazkyml
369,ZTF23abbccir
370,ZTF22aaliywk
371,ZTF23aanpqba
372,ZTF22aaaepgu
373,ZTF23aaquhqn
374,ZTF22abhxptt
375,ZTF25aaabnwi
376,ZTF24aafqxmg
377,ZTF22aacfzmr
378,ZTF22abgumjh
379,ZTF23abegkob
380,ZTF22aawvlku
381,ZTF23aabkpef
382,ZTF24abljlku
383,ZTF22aaznbmz
384,ZTF25aajsaas
385,ZTF24aampesu
386,ZTF23abjbkau
387,ZTF26aabcxjk
388,ZTF22aakdqqg
389,ZTF24ablxiwv
390,ZTF22abyjttn
391,ZTF24abdzkva
392,ZTF23aaetxqb
393,ZTF22aarvtbb
394,ZTF24aavkgum
395,ZTF24aajhlhf
396,ZTF25abqjaag
397,ZTF25abzqhqz
398,ZTF22aadgrrv
399,ZTF25aajygin
400,ZTF23aalwuua
401,ZTF23aaclqtq
402,ZTF23aamubjk
403,ZTF23aaiyjbk
404,ZTF22abqrdqq
405,ZTF23aawyhqa
406,ZTF24aazmqbf
407,ZTF24acadlcr
408,ZTF26aaacxly
409,ZTF22aahecwj
410,ZTF24aahnkky
411,ZTF22abuqnfj
412,ZTF22aaayajt
413,ZTF25abopybc
414,ZTF25aakbqpl
415,ZTF23aaxpfpa
416,ZTF24aaqtode
417,ZTF22aaeipoe
418,ZTF24aakwvbi
419,ZTF22abxhvfb
420,ZTF25aaftayb
421,ZTF25abiwxmw
422,ZTF25acfwpoa
423,ZTF24abyfijk
424,ZTF22aaafgwq
425,ZTF22aalrcmn
426,ZTF23aaakoaa
427,ZTFaaacxkp
428,ZTF22aanytfl
429,ZTF23aabvpgb
430,ZTF22abmcnmz
431,ZTF22aadnjsh
432,ZTF23aapfrwv
433,ZTF26aaadhcl
434,ZTF25aafkghv
435,ZTF21abhyqlv
436,ZTF25acemszy
437,ZTF25abxgras
438,ZTF24abzhwdk
439,ZTF23aaanyts
440,ZTF25absjrpz
441,ZTF23abjdrvd
442,ZTF22aaknczk
443,ZTF24abqttfy
444,ZTF24abllcax
445,ZTF24aawajih
446,ZTF24abtoaue
447,ZTF24aapadbb
448,ZTF23aaejwfe
449,ZTF22aajspto
450,ZTF24abzkoyr
451,ZTF22abnuqel
452,ZTF23aarjsik
453,ZTF25acegczg
454,ZTF22abjafpr
455,ZTF23aaiwpbo
456,ZTF23ababkmo
457,ZTF23aaoanrl
458,ZTF23aajrmfh
459,ZTF23aamwiqd
460,ZTF23ablspnz
461,ZTF24abwmzop
462,ZTF26aadcnso
463,ZTF24aaxyrrd
464,ZTF22aafpbbu
465,ZTF22aabzcoy
466,ZTF24aasqcng
467,ZTF22aahoxbx
468,ZTF24abzmhtv
469,ZTF24aaprcqv
470,ZTF25abqkwce
471,ZTF23aaxzhor
472,ZTF24aaiegxv
473,ZTF23aadvulr
474,ZTF22aaiiiho
475,ZTF23abshzag
476,ZTF24aagfewl
477,ZTF23aazpylb
478,ZTF22aafalol
479,ZTF25absindv
480,ZTF22aaacvyy
481,ZTF24aatwwpj
482,ZTF25abyxkmo
483,ZTF25abjbwhq
484,ZTF22aalizik
485,ZTF23abmewfr
486,ZTF23aaaatjn
487,ZTF24aagoljl
488,ZTF25abwgpjb
489,ZTF25acgggyl
490,ZTF22aatemqx
491,ZTF23aauekqf
492,ZTF23aawwabr
493,ZTF22abcozqm
494,ZTF23aaeaptm
495,ZTF22aadpscu
496,ZTF24aaejsaf
497,ZTF26aaadaos
498,ZTF22aativsd
499,ZTF22aaddtiu
500,ZTF22aahgubb
501,ZTF24abvbcxs
502,ZTF25aanmnao
503,ZTF24aaisnlp
504,ZTF24abrouiz
505,ZTF26aaadirb
506,ZTF23aaquhaz
507,ZTF22aakdbia
508,ZTF22aaazgmk
509,ZTF24aakxwww
510,ZTF23abrygbx
511,ZTF25abpujvr
512,ZTF22aahyqck
513,ZTF25abdcdwd
514,ZTF22abipidm
515,ZTF23aavugvk
516,ZTF23aaawixk
517,ZTF24aaekboj
518,ZTF25aaytlnf
519,ZTF25aceiibf
520,ZTF25acgfkka
521,ZTF24aagnlaw
522,ZTF24aawruen
523,ZTF25abkqros
524,ZTF24ablozqg
525,ZTF22aamzzjw
526,ZTF22aabjlih
527,ZTF22aaajuya
528,ZTF24aawwnis
529,ZTF23aasovdv
530,ZTF25acemsej
531,ZTF23abjfpng
532,ZTF23abkaczi
533,ZTF22aakpyqw
534,ZTF22abtvkgk
535,ZTF24abnrdua
536,ZTF22abyrqec
537,ZTF23aasotjh
538,ZTF23aamzcfe
539,ZTF25abmsodq
540,ZTF22abfyzir
541,ZTF23aahxdsi
542,ZTF23aadtrzd
543,ZTF22aagqgtw
544,ZTF23abhtsna
545,ZTF23aaixaqp
546,ZTF24abiwsvi
547,ZTF22abfvjeg
548,ZTF23aaitimz
549,ZTF23aajahua
550,ZTF24aagozfg
551,ZTF24aatjgxs
552,ZTF22aaluxhn
553,ZTF22aadfnrx
554,ZTF25abmtiec
555,ZTF22aamuneh
556,ZTF24aafttkr
557,ZTF22aasygdq
558,ZTF24aagfeti
559,ZTF24abptzoh
560,ZTF22aaaikxv
561,ZTF22aasxakz
562,ZTF24abxvulk
563,ZTF24aaofamr
564,ZTF22aaeviey
565,ZTF24abofwql
566,ZTF24aaqaroi
567,ZTF22abtcsyd
568,ZTF23aarrwwl
569,ZTF23abgpgrc
570,ZTF23aaybaip
571,ZTF24abutwuz
572,ZTF24abljkvr
573,ZTF22aabbfre
574,ZTF22aajpzwm
575,ZTF22aamfvrs
576,ZTF23aaniabv
577,ZTF22aaezdtd
578,ZTF24abnpdmk
579,ZTF24aagolgy
580,ZTF24aahdozi
581,ZTF24aamjpjd
582,ZTF23aaxpxyb
583,ZTF23abktfjr
584,ZTF22aajrjrc
585,ZTF22aafpwru
586,ZTF25abqaxii
587,ZTF25aceovkr
588,ZTF22aaarpvb
589,ZTF24abgvkxx
590,ZTF23aaamnrm
591,ZTF24aahsupm
592,ZTF22aaizrkr
593,ZTF24aajqwsm
594,ZTF25acfeapj
595,ZTF24abdirzu
596,ZTF22aadpgmo
597,ZTF24aatlsjq
598,ZTF24abdiwwv
599,ZTF22aakdwiu
600,ZTF23aazbqaw
601,ZTF24aaoosca
602,ZTF24abubygj
603,ZTF23abhshdk
604,ZTF25abqeqid
605,ZTF23aaapouh
606,ZTF23aaaqdcr
607,ZTF23aaglprc
608,ZTF23aakmaie
609,ZTF23aatpadn
610,ZTF23aanzbtf
611,ZTF23aasbvab
612,ZTF22abjaqoq
613,ZTF25abxdlzo
614,ZTF22aaahesb
615,ZTF25acfwfen
616,ZTF25acfqvdu
617,ZTF23aaftebr
618,ZTF22abxweov
619,ZTF24aabmfnh
620,ZTF26aadqdlr
621,ZTF24aahsmhu
622,ZTF23aabmbdj
623,ZTF23aafsjor
624,ZTF22aapargp
625,ZTF22aadolby
626,ZTF23aamvyyl
627,ZTF23aagygjg
628,ZTF23aavujng
629,ZTF24aardahz
630,ZTF25abuqccu
631,ZTF22aakokrb
632,ZTF25aceglpp
633,ZTF23abavosd
634,ZTF25acgdelc
635,ZTF22aaacxkp
636,ZTF22aafupdg
637,ZTF23aabwfkc
638,ZTF23aaatixf
639,ZTF23aaaprxt
640,ZTF20acxhtrt
641,ZTF23aaiyles
642,ZTF23abndgbw
643,ZTF22aahivsn
644,ZTF23aauubqu
645,ZTF24aaydzzk
646,ZTF24abojoup
647,ZTF23aaqasrd
648,ZTF22aatbtqn
649,ZTF23aamxuks
650,ZTF22abakwvc
651,ZTF25acfmxny
652,ZTF24abvkugf
653,ZTF24aahgkhh
654,ZTF23aandvzg
655,ZTF24aahgzvu
656,ZTF24abcscfm
657,ZTF24abmktlw
658,ZTF25aarhgtc
659,ZTF24aanbjel
660,ZTF22abyuvzw
661,ZTF25abkepib
662,ZTF25aairaww
663,ZTF24abmntgy
664,ZTF25acgipvu
665,ZTF25abawltx
666,ZTF22aakndny
667,ZTF25aaiyxzl
668,ZTF23abpczzt
669,ZTF25aawkwoy
670,ZTF22aaakxxu
671,ZTF22abbqnqn
672,ZTF24abkiblx
673,ZTF24aavghxs
674,ZTF25aavcbih
675,ZTF23aagkgnz
676,ZTF22aausixa
677,ZTF23aadwitm
678,ZTF23aadvtxf
679,ZTF22abeltic
680,ZTF25aaipwdb
681,ZTF24ablssfw
682,ZTF23aatorzk
683,ZTF24aarxwyd
684,ZTF23abbekte
685,ZTF25acfxytw
686,ZTF23abogwmg
687,ZTF25abmnpea
688,ZTF25abmkbaa
689,ZTF23aasfkpz
690,ZTF24aalbjwi
691,ZTF22abjhhla
692,ZTF22abfvinz
693,ZTF24abtartn
694,ZTF25abdkrgt
695,ZTF22aaabzju
696,ZTF23aajaxur
697,ZTF23abhisfx
698,ZTF22aaoxqno
699,ZTF24ablgtah
700,ZTF23aaeiamr
701,ZTF23aaejvro
702,ZTF23abvnhfx
703,ZTF25abedagz
704,ZTF22aauhprt
705,ZTF22aaejyqy
706,ZTF23aadcavq
707,ZTF24aajzrsq
708,ZTF24ablkgwk
709,ZTF23aaeeawl
710,ZTF24abzzplu
711,ZTF24aajzmzf
712,ZTF23aapbrrq
713,ZTF25aafiibc
714,ZTF22absqxti
715,ZTF23aaalcjc
716,ZTF22abolsys
717,ZTF24abjjeet
718,ZTF26aabnutj
719,ZTF22aaxtysg
720,ZTF25aafuwuk
721,ZTF24aahgkhh
722,ZTF24aawrtgj
723,ZTF22aaemnmb
724,ZTF25aaaszhh
725,ZTF23aavmguj
726,ZTF22abqmqzt
727,ZTF25acfkgdg
728,ZTF23aaqpbhu
729,ZTF24aaouaok
730,ZTF24abtrbqi
731,ZTF22aalfjze
732,ZTF22abqpxyn
733,ZTF24abzkfuo
734,ZTF24ablxkvj
735,ZTF26aaajoey
736,ZTF23abankfn
737,ZTF22aavcfed
738,ZTF24ablhsxr
739,ZTF22aahwmww
740,ZTF22aashqrd
741,ZTF23aakokgz
742,ZTF24aahhlmp
743,ZTF25abadcvl
744,ZTF25aadfkug
745,ZTF22aakesuc
746,ZTF23abqbpob
747,ZTF25abxcjwp
748,ZTF22aahwvhu
749,ZTF25aaitagy
750,ZTF22aaydcsb
751,ZTF22abegzdb
752,ZTF24aayjrde
753,ZTF22abjkjzk
754,ZTF24aaxcuef
755,ZTF23abbzhug
756,ZTF23abkdzxh
757,ZTF22aasyada
758,ZTF23aazbixp
759,ZTF24aasvscv
760,ZTF25abptwsr
761,ZTF23aaixbrm
762,ZTF23abdhvou
763,ZTF23abgfrkq
764,ZTF25aabzqvx
765,ZTF22abivrnq
766,ZTF24abruaqt
767,ZTF22aakynop
768,ZTF22aaolnpu
769,ZTF25abmkzgn
770,ZTF24abccxnd
771,ZTF22aagzmcz
772,ZTF24aavvypx
773,ZTF22abeazxi
774,ZTF22aadevoi
775,ZTF22aaeutrf
776,ZTF22aahhgut
777,ZTF22aamgjba
778,ZTF22aabnzsk
779,ZTF22aaemcun
780,ZTF25aadnokz
781,ZTF25abffowd
782,ZTF24abqaeat
783,ZTF25aajobsh
784,ZTF23abjpcza
785,ZTF25aavcsij
786,ZTF26aaakmmc
787,ZTF24aamlalc
788,ZTF23aajimhq
789,ZTF24aagpxan
790,ZTF23abrqzjb
791,ZTF22aarlppe
792,ZTF22abmcfbh
793,ZTF23abfgsod
794,ZTF23aaiylxn
795,ZTF23abgspvs
796,ZTF22aafnqtw
797,ZTF23abbngay
798,ZTF23aadwhmn
799,ZTF24aaswnkx
800,ZTF25abbxvbc
801,ZTF22aaolexr
802,ZTF22aarrawv
803,ZTF22abrboyl
804,ZTF24aawavgt
805,ZTF24aaovokk
806,ZTF22aauuxul
807,ZTF22aasebyu
808,ZTF25abwwzkt
809,ZTF22aavcyar
810,ZTF25aadtdef
811,ZTF23abndgcq
812,ZTF22aaibhya
813,ZTF24abqaesu
814,ZTF22aaektkm
815,ZTF25aajawti
816,ZTF23abaslfm
817,ZTF24aaxxegw
818,ZTF24abluezl
819,ZTF24aawltji
820,ZTF23aaurrfv
821,ZTF24aaheeel
822,ZTF22abfxkdm
823,ZTF25abjbadu
824,ZTF25aaqqfkv
825,ZTF24aapeorz
826,ZTF24aaormag
827,ZTF23aaxexuq
828,ZTF22aabgcko
829,ZTF24abttoau
830,ZTF25acfhamh
831,ZTF25abvbjre
832,ZTF23aapksof
833,ZTF22abyixjn
834,ZTF25abhnlmz
835,ZTF25abluvyy
836,ZTF23aaaknoj
837,ZTF23aabqqsl
838,ZTF22abgepyb
839,ZTF22aawavtx
840,ZTF24abydvcs
841,ZTF23abbzdoj
842,ZTF22aabnonm
843,ZTF23abbpswf
844,ZTF25aasltmi
845,ZTF23aaznfqc
846,ZTF22abclcse
847,ZTF25aaxmmyx
848,ZTF24abdndji
849,ZTF23abankea
850,ZTF24aahdikd
851,ZTF24aaozxhx
852,ZTF23abkhwgb
853,ZTF23aamangz
854,ZTF22aaolmzp
855,ZTF22aaoelte
856,ZTF25achdnru
857,ZTF24aaoasjl
858,ZTF23abahief
859,ZTF23abjaule
860,ZTF25abiwtln
861,ZTF22aabqtrq
862,ZTF22aattfmb
863,ZTF25abiqcie
864,ZTF22aadfgpu
865,ZTF23abhlsha
866,ZTF25acepskd
867,ZTF22aabjlim
868,ZTF23abgfxqn
869,ZTF23abazdqu
870,ZTF24aaugbew
871,ZTF22abfyukg
872,ZTF22aajcupz
873,ZTF24abzsxfu
874,ZTF22aahaufu
875,ZTF24abfmniy
876,ZTF23aajeunk
877,ZTF22aadfrjm
878,ZTF23aausgtp
879,ZTF22aatosoo
880,ZTF24aaxmpgp
881,ZTF24aasjjkf
882,ZTF23abhwhho
883,ZTF25acgqfpt
884,ZTF23aaaihae
885,ZTF23abrzfge
886,ZTF22aaambwy
887,ZTF22aaojclr
888,ZTF22abqqepp
889,ZTF24aahkglt
890,ZTF23aanumcy
891,ZTF25abzptem
892,ZTF23aazmlht
893,ZTF23aagpjyp
894,ZTF23abnmbsq
895,ZTF23aamfmqm
896,ZTF22aadphku
897,ZTF22aajlsrh
898,ZTF23abaalvd
899,ZTF24aauoakx
900,ZTF24aaopngg
901,ZTF24aaehvnx
902,ZTF23abomeiu
903,ZTF24aadkdwg
904,ZTF24aasdvoa
905,ZTF24abctokk
906,ZTF22aabhdce
907,ZTF25abxvcqw
908,ZTF23aadcaqo
909,ZTF23abhiagw
910,ZTF22aahhvqj
911,ZTF25aaittqc
912,ZTF22abyaood
913,ZTF24abxwjab
914,ZTF24aakykbz
915,ZTF23aagdamr
916,ZTF22abulusd
917,ZTF23aagaiju
918,ZTF23abpihew
919,ZTF24aaqegew
920,ZTF24aagtmbq
921,ZTF22abjagqj
922,ZTF24abeckhv
923,ZTF24aadlwsg
924,ZTF23aasopeh
925,ZTF22abekkwn
926,ZTF24aajjmlk
927,ZTF25abyakba
928,ZTF22ablbgrl
929,ZTF23abglhle
930,ZTF25aajfota
931,ZTF22abfxmpc
932,ZTF22abyrdyz
933,ZTF24aasdtkt
934,ZTF24abnpwcx
935,ZTF23abhvkby
936,ZTF22aalwbgz
937,ZTF24aauekes
938,ZTF22aasytdx
939,ZTF24aawxpeu
940,ZTF25abphlsl
941,ZTF23aaenpcd
942,ZTF22abzadkd
943,ZTF22aaaxlxq
944,ZTF23abfpegt
945,ZTF25aaipwch
946,ZTF25abakxkw
947,ZTF23aajscgu
948,ZTF24ablucio
949,ZTF24abofexa
950,ZTF24aaopxbb
951,ZTF23aaeieqk
952,ZTF23abshmtt
953,ZTF25aadgckg
954,ZTF22aadqgoa
955,ZTF22aaszlph
956,ZTF23aanyiwk
957,ZTF24aahspfn
958,ZTF25abogteg
959,ZTF25achwsgj
960,ZTF22aaarcds
961,ZTF22aaohpmz
962,ZTF22aaknmzk
963,ZTF23aaieqvr
964,ZTF25acargjq
965,ZTF22aabrhce
966,ZTF22abtvgqu
967,ZTF24aaejivf
968,ZTF22abymgpf
969,ZTF22aanzset
970,ZTF22aajsdkt
971,ZTF24aainaay
972,ZTF23abnsxxj
973,ZTF23aapimvh
974,ZTF23aaanqbb
975,ZTF22abdtpru
976,ZTF22abyyirb
977,ZTF22aasxgjp
978,ZTF23aaavscp
979,ZTF22aahmttr
980,ZTF25abphhyk
981,ZTF22aasrmim
982,ZTF22abspmhv
983,ZTF22aaedess
984,ZTF22aaahcwj
985,ZTF24abydqbu
986,ZTF22abqtsog
987,ZTF22aatixbc
988,ZTF23aabbqka
989,ZTF22aajwlug
990,ZTF23abifcbs
991,ZTF23aansrmz
992,ZTF23aafwvek
993,ZTF25acgwrfc
994,ZTF22aabfuju
995,ZTF23aahnmag
996,ZTF23abgvtxr
997,ZTF25aaipwda
998,ZTF23abrzezc
999,ZTF22aabseql
1000,ZTF25abqopkf
1001,ZTF24aahxyrp
1002,ZTF22aadfcnz
1003,ZTF24ablsajd
1004,ZTF22aadfkzb
1005,ZTF22abybwdz
1006,ZTF23abjyjpb
1007,ZTF18abxnvoz
1008,ZTF23aavkhpi
1009,ZTF23aaqmxxo
1010,ZTF22aahfuaa
1011,ZTF25aadevqv
1012,ZTF25aamaffc
1013,ZTF22aaahghb
1014,ZTF26aabrrcg
1015,ZTF22aawptbl
1016,ZTF22abnojbc
1017,ZTF23aaeqhrg
1018,ZTF25abjecux
1019,ZTF23abqbjjb
1020,ZTF26aaacrnj
1021,ZTF20abrbeie
1022,ZTF25ablmtlg
1023,ZTF23aaelbbq
1024,ZTF22aadeurv
1025,ZTF23aabmevr
1026,ZTF23aaaepzi
1027,ZTF23abkjjkj
1028,ZTF25aboxset
1029,ZTF22abvpklt
1030,ZTF24aatclmh
1031,ZTF22aaoippk
1032,ZTF23aapwwak
1033,ZTF22aaedebi
1034,ZTF24aapgxir
1035,ZTF22aadeqxu
1036,ZTF22abuygtu
1037,ZTF23aaiypww
1038,ZTF22abbirsn
1039,ZTF24aapstkl
1040,ZTF23aalabpo
1041,ZTF24abutbim
1042,ZTF25acepuxi
1043,ZTF22abyknqk
1044,ZTF25abllldx
1045,ZTF22aafjjuq
1046,ZTF22aagpsid
1047,ZTF25abwrpql
1048,ZTF24aaookme
1049,ZTF22abnejmu
1050,ZTF25abeclqx
1051,ZTF22aaafgdl
1052,ZTF23aaccacy
1053,ZTF21aclyyfm
1054,ZTF22aakcvbr
1055,ZTF25abxofvp
1056,ZTF24abhzmca
1057,ZTF24aaxplkc
1058,ZTF22aarbard
1059,ZTF23aaiwwgd
1060,ZTF22abmolve
1061,ZTF24abwsvdz
1062,ZTF22aabhtsw
1063,ZTF24abuunge
1064,ZTF23aaojbdj
1065,ZTF22abamnmb
1066,ZTF24abbwkci
1067,ZTF23abjwegr
1068,ZTF22aaeyltx
1069,ZTF23aajazzl
1070,ZTF23aaeljse
1071,ZTF23aatcips
1072,ZTF25aceglik
1073,ZTF22aafoqrd
1074,ZTF22aaefjef
1075,ZTF22aagngsy
1076,ZTF25abhibmk
1077,ZTF25abwigqz
1078,ZTF25aceragi
1079,ZTF26aaafzwp
1080,ZTF22aapazga
1081,ZTF23aacbziz
1082,ZTF22aauuihf
1083,ZTF24abmnskt
1084,ZTF24abakgyn
1085,ZTF22abjhwce
1086,ZTF23aaamjwv
1087,ZTF22abhvfio
1088,ZTF24aaejwkz
1089,ZTF22aadnqsf
1090,ZTF24aaiaaxr
1091,ZTF22aawzgcx
1092,ZTF23aaavxqu
1093,ZTF22abqqvlp
1094,ZTF23aaubdrz
1095,ZTF23aboqduo
1096,ZTF23abivuzt
1097,ZTF23abjuygh
1098,ZTF22aapthgs
1099,ZTF25acelxfd
1100,ZTF22aajrefe
1101,ZTF23aajfere
1102,ZTF22aaxtias
1103,ZTF22aaptcfi
1104,ZTF24aaxmalj
1105,ZTF25aawkwo
1106,ZTF23aapvvky
1107,ZTF22aaaokni
1108,ZTF22aaolmwr
1109,ZTF25aadnsyh
1110,ZTF23aadvpwt
1111,ZTF23aafwykt
1112,ZTF25abhzirb
1113,ZTF24aaguphd
1114,ZTF25abibtdm
1115,ZTF22abpzyzz
1116,ZTF24aauhawc
1117,ZTF23abqbtam
1118,ZTF26aabqylt
1119,ZTF24abnpqkp
1120,ZTF25abhrbjt
1121,ZTF25abjqeok
1122,ZTF24abtuxkj
1123,ZTF22abtdoxf
1124,ZTF24aajdqbw
1125,ZTF22aapocsp
1126,ZTF25acegmcy
1127,ZTF24aasokij
1128,ZTF22aadglpe
1129,ZTF24aaxwnpx
1130,ZTF25aaizniw
1131,ZTF23aawqgsl
1132,ZTF22aajryew
1133,ZTF25aajcusp
1134,ZTF22aauxzqe
1135,ZTF22aaiisw
1136,ZTF23aaakcxv
1137,ZTF23aaeyugg
1138,ZTF25abzrimy
1139,ZTF24aasktmr
1140,ZTF23aakcegp
1141,ZTF25acekiok
1142,ZTF22abtspsw
1143,ZTF25acaypug
1144,ZTF23aaqxjta
1145,ZTF22aaqpwef
1146,ZTF23aarjxfj
1147,ZTF24absmsee
1148,ZTF22aahmbwn
1149,ZTF23aavolri
1150,ZTF23aawokan
1151,ZTF24aaijpbj
1152,ZTF22abbkxor
1153,ZTF25abuvlkk
1154,ZTF23aamnoga
1155,ZTF25abbgziu
1156,ZTF24abracvj
1157,ZTF22aaafjir
1158,ZTF23abascqa
1159,ZTF23abanqhu
1160,ZTF25abuhvvs
1161,ZTF23abvtzdz
1162,ZTF22abyiisu
1163,ZTF23aaoygit
1164,ZTF23aahvmpq
1165,ZTF24aaqjfiw
1166,ZTF23aaaairl
1167,ZTF23abepswe
1168,ZTF22aafqamd
1169,ZTF22abzaduz
1170,ZTF22aadewot
1171,ZTF22aaknvcz
1172,ZTF25aaafbbk
1173,ZTF22aahhrks
1174,ZTF23abkutgg
1175,ZTF23aaeinqq
1176,ZTF22aboapcj
1177,ZTF22aauurbv
1178,ZTF23aaeuaci
1179,ZTF22aanjyae
1180,ZTF23aboemfi
1181,ZTF23aabrmuq
1182,ZTF22aajhjbd
1183,ZTF22aamiomf
1184,ZTF23aamxekn
1185,ZTF22abmnqvl
1186,ZTF22abnujbv
1187,ZTF22
1188,ZTF24aabmclj
1189,ZTF22abilejl
1190,ZTF22aaayghr
1191,ZTF22aapscub
1192,ZTF22abvebdc
1193,ZTF23aaelkos
1194,ZTF24aahgqwk
1195,ZTF23aaxfkcd
1196,ZTF22aaemhwl
1197,ZTF23aasqksb
1198,ZTF22abmjdfo
1199,ZTF23aaekebt
1200,ZTF23aaqdwrp
1201,ZTF24abxylal
1202,ZTF24ablkziv
1203,ZTF23aadtfgp
1204,ZTF22aajhlaj
1205,ZTF24aavhdqy
1206,ZTF23aaxyawz
1207,ZTF23aaguymg
1208,ZTF25abwwabv
1209,ZTF25aajoapm
1210,ZTF25aauvber
1211,ZTF24ablroer
1212,ZTF23aahnabd
1213,ZTF24abbgxys
1214,ZTF24aaupnbu
1215,ZTF22abmchcy
1216,ZTF22abkhrkd
1217,ZTF22aacagjm
1218,ZTF25acakolm
1219,ZTF23abivaby
1220,ZTF23aablgzj
1221,ZTF23aakprat
1222,ZTF24aauponi
1223,ZTF25aazxxqi
1224,ZTF25abmpnjy
1225,ZTF23abhsfef
1226,ZTF22abblogu
1227,ZTF23aboejiq
1228,ZTF24aakaiqs
1229,ZTF22abhfwmr
1230,ZTF22abunjts
1231,ZTF22abyodaq
1232,ZTF23aaahmyn
1233,ZTF22aajezaq
1234,ZTF25aaaywoo
1235,ZTF23aailjjs
1236,ZTF25aacbsyi
1237,ZTF22aamjqvc
1238,ZTF22abyuoan
1239,ZTF25aafecyz
1240,ZTF25abwqbxp
1241,ZTF24abgqgdy
1242,ZTF23aaajyqz
1243,ZTF23aaxadel
1244,ZTF25abkexpf
1245,ZTF23aacggqz
1246,ZTF24aasntvs
1247,ZTF25acehxgd
1248,ZTF23aawzvkx
1249,ZTF22aaerfpk
1250,ZTF24abrhrgp
1251,ZTF26aaakhoc
1252,ZTF23abozxbp
1253,ZTF22abhodtl
1254,ZTF25abzqhgf
1255,ZTF23aanuykc
1256,ZTF24aaqzpcv
1257,ZTF22abkmguc
1258,ZTF23aaahusn
1259,ZTF22aambnsg
1260,ZTF23aawzkht
1261,ZTF23aapbsmr
1262,ZTF25aaxsnkv
1263,ZTF22aaljyqw
1264,ZTF22aaidgtb
1265,ZTF25abceqol
1266,ZTF24aajxobf
1267,ZTF23aaaasoh
1268,ZTF22absdier
1269,ZTF23aaxbpyz
1270,ZTF23abcglga
1271,ZTF23aaabhgg
1272,ZTF23aaqjuux
1273,ZTF23abkbzoo
1274,ZTF23aabutvv
1275,ZTF25abfxfxl
1276,ZTF23abnlexe
1277,ZTF22aazuvzp
1278,ZTF24aalcfes
1279,ZTF22abnrgno
1280,ZTF22aajhkvu
1281,ZTF22abvhiip
1282,ZTF22abaegxq
1283,ZTF25aafuniu
1284,ZTF23aafggjj
1285,ZTF22abaxqlk
1286,ZTF23aaurhgm
1287,ZTF25acehskf
1288,ZTF22aaaiuhz
1289,ZTF23abmwsrw
1290,ZTF22aaskqqq
1291,ZTF25aadnxae
1292,ZTF24aavzrue
1293,ZTF24aawklme
1294,ZTF22aabwrov
1295,ZTF25aahmdjb
1296,ZTF25aafsvgy
1297,ZTF23aasgcfy
1298,ZTF22aalpfln
1299,ZTF24abhbvwm
1300,ZTF24aaymkrs
1301,ZTF25abimhko
1302,ZTF22absselw
1303,ZTF22aasfzzf
1304,ZTF24aaujiap
1305,ZTF22aatfjcy
1306,ZTF24abzsvbq
1307,ZTF25abghglc
1308,ZTF25aceevwg
1309,ZTF23aansctq
1310,AT2021lwx
1311,ATau
1312,AT2024aeck
1313,AT2021lwx
1314,AT2024wpp
1315,AT2024iss
1316,AT2024iss
